Asset_ID,Zone,Building_Location,System,Asset_Class,Description,Owner_or_Asset_Controller,Design_Authority,Supplier_OEM,Installer_or_Operator,Mobilized_or_Procured,Site_Arrival,Installation_Start,Mechanical_Completion,Turnover,Commissioning_Start,Demobilized_or_Removed,Custody_2031_04_19,Status_2031_04_19,Lifecycle_Phase,History_Record_Basis,QA_Flag,Notes
BHT-400-PRZ-101,Z03-E,H-101,BHT-400,Pressurizer,Blanket heat transport pressurizer,OPG,E&C/HMS,BWXT/qualified process vendor,E.S. Fox,2026-01-01,2028-04-01,2028-05-01,2029-12-15,2030-04-01,2030-07-01,,OPG Commissioning,Available,2028-2031 heat transport,Unique permanent asset,OK,
BHT-401-P-101,Z03-A,H-101 BHT Annex,BHT-401,Pump,Main blanket coolant pump,OPG,E&C/HMS,BWXT Canada / qualified package supplier,E.S. Fox/BWXT,2025-11-01,2028-02-05,2028-03-07,2029-12-11,2030-03-16,2030-06-16,,OPG Commissioning,Restricted test configuration following CRS-01 event,2028-2031 heat transport,Unique permanent asset,OK,
BHT-401-SG-101,Z03-A,H-101 BHT Annex,BHT-401,Heat Exchanger,Steam generator / primary heat exchanger,OPG,E&C/HMS,BWXT Canada / qualified package supplier,E.S. Fox/BWXT,2025-11-01,2028-02-10,2028-03-12,2029-12-11,2030-03-16,2030-06-16,,OPG Commissioning,Restricted test configuration following CRS-01 event,2028-2031 heat transport,Unique permanent asset,OK,
TMP-BHT-401-CRS-01,Z03-A,H-101 BHT Train 1 commissioning bay,BHT-401,Temporary Commissioning Skid,Blanket Heat Transport Train 1 temporary commissioning recirculation skid,E&C / OPG Commissioning after turnover,E&C with HMS screening,Local qualified skid fabricator,E.S. Fox / OPG Commissioning,2030-05-14,2030-09-03,2030-09-22,2030-09-28,2030-10-11,2030-10-12,,Investigation control / OPG,Isolated and preserved after 2031-04-12 high-potential near miss,2030-2031 commissioning,Unique temporary equipment,OK,M-88217 associated with lateral restraint inspection/adjustment; execution evidence missing.
BLK-S01-I1,Z01-B,F-101 In-vessel,BLK-230,Breeding Blanket Segment,Blanket sector 1 segment I1,OPG,HMS,MHI/HMS-qualified suppliers,Kiewit/HMS remote-handling team,2026-06-01,2029-03-06,2029-07-13,2030-08-31,2030-10-31,2030-11-15,,OPG Commissioning,Installed / coolant functional testing,2029-2031 in-vessel installation,Unique permanent asset,OK,80-segment HFRP commercial architecture.
DIV-S01-C1,Z01-D,F-101 Lower ports,DIV-240,Divertor Cassette,Divertor sector 1 cassette 1,OPG,HMS,MHI/HMS-qualified suppliers,Kiewit/HMS remote-handling team,2026-09-01,2029-06-08,2029-11-19,2030-07-31,2030-10-31,2030-11-15,,OPG Commissioning,Installed / coolant functional testing,2029-2031 in-vessel installation,Unique permanent asset,OK,48-cassette HFRP design grounded in Japanese DEMO remote-maintenance studies.
MAG-CSM-01,Z01-B,F-101 Tokamak Building,MAG-CS,Superconducting Magnet,Central-solenoid module 1,OPG,HMS,HMS/MHI-qualified supply chain,Kiewit/HMS,2026-01-01,2028-11-08,2029-07-09,2029-09-27,2030-11-01,2031-01-15,,OPG Commissioning,Cold / integrated commissioning,2028-2031 machine assembly,Unique permanent asset,OK,Six-module stack is HFRP conservative lineage choice.
MAG-CSM-02,Z01-B,F-101 Tokamak Building,MAG-CS,Superconducting Magnet,Central-solenoid module 2,OPG,HMS,HMS/MHI-qualified supply chain,Kiewit/HMS,2026-01-01,2028-12-03,2029-07-16,2029-09-27,2030-11-01,2031-01-15,,OPG Commissioning,Cold / integrated commissioning,2028-2031 machine assembly,Unique permanent asset,OK,Six-module stack is HFRP conservative lineage choice.
MAG-CSM-03,Z01-B,F-101 Tokamak Building,MAG-CS,Superconducting Magnet,Central-solenoid module 3,OPG,HMS,HMS/MHI-qualified supply chain,Kiewit/HMS,2026-01-01,2028-12-28,2029-07-23,2029-09-27,2030-11-01,2031-01-15,,OPG Commissioning,Cold / integrated commissioning,2028-2031 machine assembly,Unique permanent asset,OK,Six-module stack is HFRP conservative lineage choice.
MAG-CSM-04,Z01-B,F-101 Tokamak Building,MAG-CS,Superconducting Magnet,Central-solenoid module 4,OPG,HMS,HMS/MHI-qualified supply chain,Kiewit/HMS,2026-01-01,2029-01-22,2029-07-30,2029-09-27,2030-11-01,2031-01-15,,OPG Commissioning,Cold / integrated commissioning,2028-2031 machine assembly,Unique permanent asset,OK,Six-module stack is HFRP conservative lineage choice.
MAG-CSM-05,Z01-B,F-101 Tokamak Building,MAG-CS,Superconducting Magnet,Central-solenoid module 5,OPG,HMS,HMS/MHI-qualified supply chain,Kiewit/HMS,2026-01-01,2029-02-16,2029-08-06,2029-09-27,2030-11-01,2031-01-15,,OPG Commissioning,Cold / integrated commissioning,2028-2031 machine assembly,Unique permanent asset,OK,Six-module stack is HFRP conservative lineage choice.
MAG-CSM-06,Z01-B,F-101 Tokamak Building,MAG-CS,Superconducting Magnet,Central-solenoid module 6,OPG,HMS,HMS/MHI-qualified supply chain,Kiewit/HMS,2026-01-01,2029-03-13,2029-08-13,2029-09-27,2030-11-01,2031-01-15,,OPG Commissioning,Cold / integrated commissioning,2028-2031 machine assembly,Unique permanent asset,OK,Six-module stack is HFRP conservative lineage choice.
MAG-PF-01,Z01-B,F-101 Tokamak Building,MAG-PF,Superconducting Magnet,Poloidal-field coil 1,OPG,HMS,MHI/HMS-qualified supply chain,Kiewit/MHI,2025-10-01,2027-09-29,2027-12-10,2029-08-01,2030-10-15,2030-11-01,,OPG Commissioning,Cold / integrated commissioning,2027-2031 machine assembly,Unique permanent asset,OK,Six-coil HFRP architecture preserves mature ITER/Q-DEMO lineage.
MAG-PF-02,Z01-B,F-101 Tokamak Building,MAG-PF,Superconducting Magnet,Poloidal-field coil 2,OPG,HMS,MHI/HMS-qualified supply chain,Kiewit/MHI,2025-10-01,2027-12-28,2028-03-19,2029-08-01,2030-10-15,2030-11-01,,OPG Commissioning,Cold / integrated commissioning,2027-2031 machine assembly,Unique permanent asset,OK,Six-coil HFRP architecture preserves mature ITER/Q-DEMO lineage.
MAG-PF-03,Z01-B,F-101 Tokamak Building,MAG-PF,Superconducting Magnet,Poloidal-field coil 3,OPG,HMS,MHI/HMS-qualified supply chain,Kiewit/MHI,2025-10-01,2028-03-27,2028-06-27,2029-08-01,2030-10-15,2030-11-01,,OPG Commissioning,Cold / integrated commissioning,2027-2031 machine assembly,Unique permanent asset,OK,Six-coil HFRP architecture preserves mature ITER/Q-DEMO lineage.
MAG-PF-04,Z01-B,F-101 Tokamak Building,MAG-PF,Superconducting Magnet,Poloidal-field coil 4,OPG,HMS,MHI/HMS-qualified supply chain,Kiewit/MHI,2025-10-01,2028-06-25,2028-10-05,2029-08-01,2030-10-15,2030-11-01,,OPG Commissioning,Cold / integrated commissioning,2027-2031 machine assembly,Unique permanent asset,OK,Six-coil HFRP architecture preserves mature ITER/Q-DEMO lineage.
MAG-PF-05,Z01-B,F-101 Tokamak Building,MAG-PF,Superconducting Magnet,Poloidal-field coil 5,OPG,HMS,MHI/HMS-qualified supply chain,Kiewit/MHI,2025-10-01,2028-09-23,2029-01-13,2029-08-01,2030-10-15,2030-11-01,,OPG Commissioning,Cold / integrated commissioning,2027-2031 machine assembly,Unique permanent asset,OK,Six-coil HFRP architecture preserves mature ITER/Q-DEMO lineage.
MAG-PF-06,Z01-B,F-101 Tokamak Building,MAG-PF,Superconducting Magnet,Poloidal-field coil 6,OPG,HMS,MHI/HMS-qualified supply chain,Kiewit/MHI,2025-10-01,2028-12-22,2029-04-23,2029-08-01,2030-10-15,2030-11-01,,OPG Commissioning,Cold / integrated commissioning,2027-2031 machine assembly,Unique permanent asset,OK,Six-coil HFRP architecture preserves mature ITER/Q-DEMO lineage.
LFT-F106-HBC-01,Z01-A,F-106 Assembly Hall / F-101,PERMANENT-HEAVY-LIFT,Permanent Crane,"900-t main bridge crane 1 (tandem 1,800-t system)",OPG,E&C,Heavy crane OEM,Kiewit/OEM,2025-10-01,2027-02-04,2027-02-21,2027-07-01,2027-08-01,2027-08-15,,OPG Operations/Commissioning,Operational,Permanent plant lifting/outage support,Permanent individual equipment,OK,"Commercial-HFRP scale; ITER uses twin 750-t cranes for 1,500-t combined lifts."
LFT-F106-HBC-02,Z01-A,F-106 Assembly Hall / F-101,PERMANENT-HEAVY-LIFT,Permanent Crane,"900-t main bridge crane 2 (tandem 1,800-t system)",OPG,E&C,Heavy crane OEM,Kiewit/OEM,2025-10-01,2027-02-24,2027-03-13,2027-07-01,2027-08-01,2027-08-15,,OPG Operations/Commissioning,Operational,Permanent plant lifting/outage support,Permanent individual equipment,OK,"Commercial-HFRP scale; ITER uses twin 750-t cranes for 1,500-t combined lifts."
TUR-701-HP-01,Z04,T-101 Turbine Building,TURBINE-ISLAND,Steam Turbine,HP turbine,OPG,E&C/Arabelle,Arabelle Solutions / qualified suppliers,Kiewit/E.S. Fox/OEM,2025-12-01,2028-05-16,2028-06-16,2029-11-30,2030-04-30,2030-06-01,,OPG Commissioning,Mechanical/auxiliary commissioning; no fusion steam,2028-2032 turbine commissioning,Unique permanent asset,OK,
TUR-702-LP-01,Z04,T-101 Turbine Building,TURBINE-ISLAND,Steam Turbine,LP turbine 1,OPG,E&C/Arabelle,Arabelle Solutions / qualified suppliers,Kiewit/E.S. Fox/OEM,2025-12-01,2028-05-31,2028-07-01,2029-11-30,2030-04-30,2030-06-01,,OPG Commissioning,Mechanical/auxiliary commissioning; no fusion steam,2028-2032 turbine commissioning,Unique permanent asset,OK,
TUR-702-LP-02,Z04,T-101 Turbine Building,TURBINE-ISLAND,Steam Turbine,LP turbine 2,OPG,E&C/Arabelle,Arabelle Solutions / qualified suppliers,Kiewit/E.S. Fox/OEM,2025-12-01,2028-06-15,2028-07-16,2029-11-30,2030-04-30,2030-06-01,,OPG Commissioning,Mechanical/auxiliary commissioning; no fusion steam,2028-2032 turbine commissioning,Unique permanent asset,OK,
TUR-702-LP-03,Z04,T-101 Turbine Building,TURBINE-ISLAND,Steam Turbine,LP turbine 3,OPG,E&C/Arabelle,Arabelle Solutions / qualified suppliers,Kiewit/E.S. Fox/OEM,2025-12-01,2028-06-30,2028-07-31,2029-11-30,2030-04-30,2030-06-01,,OPG Commissioning,Mechanical/auxiliary commissioning; no fusion steam,2028-2032 turbine commissioning,Unique permanent asset,OK,
