from_id,to_id,relationship,status,source
MC-0,SS-01,contains_sector,C,Atlas Rev3
SS-01,BLK-S01-I1,contains_blanket,C,Atlas Rev3
BLK-S01-I1,BHT-S01-SUP-NODE,coolant_supply_interface,C/E,Atlas Rev3
BLK-S01-I1,BHT-S01-RET-NODE,coolant_return_interface,C/E,Atlas Rev3
SS-01,BLK-S01-I2,contains_blanket,C,Atlas Rev3
BLK-S01-I2,BHT-S01-SUP-NODE,coolant_supply_interface,C/E,Atlas Rev3
BLK-S01-I2,BHT-S01-RET-NODE,coolant_return_interface,C/E,Atlas Rev3
SS-01,BLK-S01-O1,contains_blanket,C,Atlas Rev3
BLK-S01-O1,BHT-S01-SUP-NODE,coolant_supply_interface,C/E,Atlas Rev3
BLK-S01-O1,BHT-S01-RET-NODE,coolant_return_interface,C/E,Atlas Rev3
SS-01,BLK-S01-O2,contains_blanket,C,Atlas Rev3
BLK-S01-O2,BHT-S01-SUP-NODE,coolant_supply_interface,C/E,Atlas Rev3
BLK-S01-O2,BHT-S01-RET-NODE,coolant_return_interface,C/E,Atlas Rev3
SS-01,BLK-S01-O3,contains_blanket,C,Atlas Rev3
BLK-S01-O3,BHT-S01-SUP-NODE,coolant_supply_interface,C/E,Atlas Rev3
BLK-S01-O3,BHT-S01-RET-NODE,coolant_return_interface,C/E,Atlas Rev3
SS-01,DIV-S01-1,contains_divertor_cassette,C,Atlas Rev3
SS-01,DIV-S01-2,contains_divertor_cassette,C,Atlas Rev3
SS-01,DIV-S01-3,contains_divertor_cassette,C,Atlas Rev3
SS-01,UP-01,upper_maintenance_interface,C function / OPEN geometry,Atlas Rev3
SS-01,EQ-01,equatorial_port_interface,E/F,Atlas Rev3
SS-01,LP-01,lower_maintenance_interface,C function / OPEN geometry,Atlas Rev3
UP-01,UMP-S01,remote_handling_path,C/E,Atlas Rev3
LP-01,LMP-S01,remote_handling_path,C/E,Atlas Rev3
MC-0,SS-02,contains_sector,C,Atlas Rev3
SS-02,BLK-S02-I1,contains_blanket,C,Atlas Rev3
BLK-S02-I1,BHT-S02-SUP-NODE,coolant_supply_interface,C/E,Atlas Rev3
BLK-S02-I1,BHT-S02-RET-NODE,coolant_return_interface,C/E,Atlas Rev3
SS-02,BLK-S02-I2,contains_blanket,C,Atlas Rev3
BLK-S02-I2,BHT-S02-SUP-NODE,coolant_supply_interface,C/E,Atlas Rev3
BLK-S02-I2,BHT-S02-RET-NODE,coolant_return_interface,C/E,Atlas Rev3
SS-02,BLK-S02-O1,contains_blanket,C,Atlas Rev3
BLK-S02-O1,BHT-S02-SUP-NODE,coolant_supply_interface,C/E,Atlas Rev3
BLK-S02-O1,BHT-S02-RET-NODE,coolant_return_interface,C/E,Atlas Rev3
SS-02,BLK-S02-O2,contains_blanket,C,Atlas Rev3
BLK-S02-O2,BHT-S02-SUP-NODE,coolant_supply_interface,C/E,Atlas Rev3
BLK-S02-O2,BHT-S02-RET-NODE,coolant_return_interface,C/E,Atlas Rev3
SS-02,BLK-S02-O3,contains_blanket,C,Atlas Rev3
BLK-S02-O3,BHT-S02-SUP-NODE,coolant_supply_interface,C/E,Atlas Rev3
BLK-S02-O3,BHT-S02-RET-NODE,coolant_return_interface,C/E,Atlas Rev3
SS-02,DIV-S02-1,contains_divertor_cassette,C,Atlas Rev3
SS-02,DIV-S02-2,contains_divertor_cassette,C,Atlas Rev3
SS-02,DIV-S02-3,contains_divertor_cassette,C,Atlas Rev3
SS-02,UP-02,upper_maintenance_interface,C function / OPEN geometry,Atlas Rev3
SS-02,EQ-02,equatorial_port_interface,E/F,Atlas Rev3
SS-02,LP-02,lower_maintenance_interface,C function / OPEN geometry,Atlas Rev3
UP-02,UMP-S02,remote_handling_path,C/E,Atlas Rev3
LP-02,LMP-S02,remote_handling_path,C/E,Atlas Rev3
MC-0,SS-03,contains_sector,C,Atlas Rev3
SS-03,BLK-S03-I1,contains_blanket,C,Atlas Rev3
BLK-S03-I1,BHT-S03-SUP-NODE,coolant_supply_interface,C/E,Atlas Rev3
BLK-S03-I1,BHT-S03-RET-NODE,coolant_return_interface,C/E,Atlas Rev3
SS-03,BLK-S03-I2,contains_blanket,C,Atlas Rev3
BLK-S03-I2,BHT-S03-SUP-NODE,coolant_supply_interface,C/E,Atlas Rev3
BLK-S03-I2,BHT-S03-RET-NODE,coolant_return_interface,C/E,Atlas Rev3
SS-03,BLK-S03-O1,contains_blanket,C,Atlas Rev3
BLK-S03-O1,BHT-S03-SUP-NODE,coolant_supply_interface,C/E,Atlas Rev3
BLK-S03-O1,BHT-S03-RET-NODE,coolant_return_interface,C/E,Atlas Rev3
SS-03,BLK-S03-O2,contains_blanket,C,Atlas Rev3
BLK-S03-O2,BHT-S03-SUP-NODE,coolant_supply_interface,C/E,Atlas Rev3
BLK-S03-O2,BHT-S03-RET-NODE,coolant_return_interface,C/E,Atlas Rev3
SS-03,BLK-S03-O3,contains_blanket,C,Atlas Rev3
BLK-S03-O3,BHT-S03-SUP-NODE,coolant_supply_interface,C/E,Atlas Rev3
BLK-S03-O3,BHT-S03-RET-NODE,coolant_return_interface,C/E,Atlas Rev3
SS-03,DIV-S03-1,contains_divertor_cassette,C,Atlas Rev3
SS-03,DIV-S03-2,contains_divertor_cassette,C,Atlas Rev3
SS-03,DIV-S03-3,contains_divertor_cassette,C,Atlas Rev3
SS-03,UP-03,upper_maintenance_interface,C function / OPEN geometry,Atlas Rev3
SS-03,EQ-03,equatorial_port_interface,E/F,Atlas Rev3
SS-03,LP-03,lower_maintenance_interface,C function / OPEN geometry,Atlas Rev3
UP-03,UMP-S03,remote_handling_path,C/E,Atlas Rev3
LP-03,LMP-S03,remote_handling_path,C/E,Atlas Rev3
MC-0,SS-04,contains_sector,C,Atlas Rev3
SS-04,BLK-S04-I1,contains_blanket,C,Atlas Rev3
BLK-S04-I1,BHT-S04-SUP-NODE,coolant_supply_interface,C/E,Atlas Rev3
BLK-S04-I1,BHT-S04-RET-NODE,coolant_return_interface,C/E,Atlas Rev3
SS-04,BLK-S04-I2,contains_blanket,C,Atlas Rev3
BLK-S04-I2,BHT-S04-SUP-NODE,coolant_supply_interface,C/E,Atlas Rev3
BLK-S04-I2,BHT-S04-RET-NODE,coolant_return_interface,C/E,Atlas Rev3
SS-04,BLK-S04-O1,contains_blanket,C,Atlas Rev3
BLK-S04-O1,BHT-S04-SUP-NODE,coolant_supply_interface,C/E,Atlas Rev3
BLK-S04-O1,BHT-S04-RET-NODE,coolant_return_interface,C/E,Atlas Rev3
SS-04,BLK-S04-O2,contains_blanket,C,Atlas Rev3
BLK-S04-O2,BHT-S04-SUP-NODE,coolant_supply_interface,C/E,Atlas Rev3
BLK-S04-O2,BHT-S04-RET-NODE,coolant_return_interface,C/E,Atlas Rev3
SS-04,BLK-S04-O3,contains_blanket,C,Atlas Rev3
BLK-S04-O3,BHT-S04-SUP-NODE,coolant_supply_interface,C/E,Atlas Rev3
BLK-S04-O3,BHT-S04-RET-NODE,coolant_return_interface,C/E,Atlas Rev3
SS-04,DIV-S04-1,contains_divertor_cassette,C,Atlas Rev3
SS-04,DIV-S04-2,contains_divertor_cassette,C,Atlas Rev3
SS-04,DIV-S04-3,contains_divertor_cassette,C,Atlas Rev3
SS-04,UP-04,upper_maintenance_interface,C function / OPEN geometry,Atlas Rev3
SS-04,EQ-04,equatorial_port_interface,E/F,Atlas Rev3
SS-04,LP-04,lower_maintenance_interface,C function / OPEN geometry,Atlas Rev3
UP-04,UMP-S04,remote_handling_path,C/E,Atlas Rev3
LP-04,LMP-S04,remote_handling_path,C/E,Atlas Rev3
MC-0,SS-05,contains_sector,C,Atlas Rev3
SS-05,BLK-S05-I1,contains_blanket,C,Atlas Rev3
BLK-S05-I1,BHT-S05-SUP-NODE,coolant_supply_interface,C/E,Atlas Rev3
BLK-S05-I1,BHT-S05-RET-NODE,coolant_return_interface,C/E,Atlas Rev3
SS-05,BLK-S05-I2,contains_blanket,C,Atlas Rev3
BLK-S05-I2,BHT-S05-SUP-NODE,coolant_supply_interface,C/E,Atlas Rev3
BLK-S05-I2,BHT-S05-RET-NODE,coolant_return_interface,C/E,Atlas Rev3
SS-05,BLK-S05-O1,contains_blanket,C,Atlas Rev3
BLK-S05-O1,BHT-S05-SUP-NODE,coolant_supply_interface,C/E,Atlas Rev3
BLK-S05-O1,BHT-S05-RET-NODE,coolant_return_interface,C/E,Atlas Rev3
SS-05,BLK-S05-O2,contains_blanket,C,Atlas Rev3
BLK-S05-O2,BHT-S05-SUP-NODE,coolant_supply_interface,C/E,Atlas Rev3
BLK-S05-O2,BHT-S05-RET-NODE,coolant_return_interface,C/E,Atlas Rev3
SS-05,BLK-S05-O3,contains_blanket,C,Atlas Rev3
BLK-S05-O3,BHT-S05-SUP-NODE,coolant_supply_interface,C/E,Atlas Rev3
BLK-S05-O3,BHT-S05-RET-NODE,coolant_return_interface,C/E,Atlas Rev3
SS-05,DIV-S05-1,contains_divertor_cassette,C,Atlas Rev3
SS-05,DIV-S05-2,contains_divertor_cassette,C,Atlas Rev3
SS-05,DIV-S05-3,contains_divertor_cassette,C,Atlas Rev3
SS-05,UP-05,upper_maintenance_interface,C function / OPEN geometry,Atlas Rev3
SS-05,EQ-05,equatorial_port_interface,E/F,Atlas Rev3
SS-05,LP-05,lower_maintenance_interface,C function / OPEN geometry,Atlas Rev3
UP-05,UMP-S05,remote_handling_path,C/E,Atlas Rev3
LP-05,LMP-S05,remote_handling_path,C/E,Atlas Rev3
MC-0,SS-06,contains_sector,C,Atlas Rev3
SS-06,BLK-S06-I1,contains_blanket,C,Atlas Rev3
BLK-S06-I1,BHT-S06-SUP-NODE,coolant_supply_interface,C/E,Atlas Rev3
BLK-S06-I1,BHT-S06-RET-NODE,coolant_return_interface,C/E,Atlas Rev3
SS-06,BLK-S06-I2,contains_blanket,C,Atlas Rev3
BLK-S06-I2,BHT-S06-SUP-NODE,coolant_supply_interface,C/E,Atlas Rev3
BLK-S06-I2,BHT-S06-RET-NODE,coolant_return_interface,C/E,Atlas Rev3
SS-06,BLK-S06-O1,contains_blanket,C,Atlas Rev3
BLK-S06-O1,BHT-S06-SUP-NODE,coolant_supply_interface,C/E,Atlas Rev3
BLK-S06-O1,BHT-S06-RET-NODE,coolant_return_interface,C/E,Atlas Rev3
SS-06,BLK-S06-O2,contains_blanket,C,Atlas Rev3
BLK-S06-O2,BHT-S06-SUP-NODE,coolant_supply_interface,C/E,Atlas Rev3
BLK-S06-O2,BHT-S06-RET-NODE,coolant_return_interface,C/E,Atlas Rev3
SS-06,BLK-S06-O3,contains_blanket,C,Atlas Rev3
BLK-S06-O3,BHT-S06-SUP-NODE,coolant_supply_interface,C/E,Atlas Rev3
BLK-S06-O3,BHT-S06-RET-NODE,coolant_return_interface,C/E,Atlas Rev3
SS-06,DIV-S06-1,contains_divertor_cassette,C,Atlas Rev3
SS-06,DIV-S06-2,contains_divertor_cassette,C,Atlas Rev3
SS-06,DIV-S06-3,contains_divertor_cassette,C,Atlas Rev3
SS-06,UP-06,upper_maintenance_interface,C function / OPEN geometry,Atlas Rev3
SS-06,EQ-06,equatorial_port_interface,E/F,Atlas Rev3
SS-06,LP-06,lower_maintenance_interface,C function / OPEN geometry,Atlas Rev3
UP-06,UMP-S06,remote_handling_path,C/E,Atlas Rev3
LP-06,LMP-S06,remote_handling_path,C/E,Atlas Rev3
MC-0,SS-07,contains_sector,C,Atlas Rev3
SS-07,BLK-S07-I1,contains_blanket,C,Atlas Rev3
BLK-S07-I1,BHT-S07-SUP-NODE,coolant_supply_interface,C/E,Atlas Rev3
BLK-S07-I1,BHT-S07-RET-NODE,coolant_return_interface,C/E,Atlas Rev3
SS-07,BLK-S07-I2,contains_blanket,C,Atlas Rev3
BLK-S07-I2,BHT-S07-SUP-NODE,coolant_supply_interface,C/E,Atlas Rev3
BLK-S07-I2,BHT-S07-RET-NODE,coolant_return_interface,C/E,Atlas Rev3
SS-07,BLK-S07-O1,contains_blanket,C,Atlas Rev3
BLK-S07-O1,BHT-S07-SUP-NODE,coolant_supply_interface,C/E,Atlas Rev3
BLK-S07-O1,BHT-S07-RET-NODE,coolant_return_interface,C/E,Atlas Rev3
SS-07,BLK-S07-O2,contains_blanket,C,Atlas Rev3
BLK-S07-O2,BHT-S07-SUP-NODE,coolant_supply_interface,C/E,Atlas Rev3
BLK-S07-O2,BHT-S07-RET-NODE,coolant_return_interface,C/E,Atlas Rev3
SS-07,BLK-S07-O3,contains_blanket,C,Atlas Rev3
BLK-S07-O3,BHT-S07-SUP-NODE,coolant_supply_interface,C/E,Atlas Rev3
BLK-S07-O3,BHT-S07-RET-NODE,coolant_return_interface,C/E,Atlas Rev3
SS-07,DIV-S07-1,contains_divertor_cassette,C,Atlas Rev3
SS-07,DIV-S07-2,contains_divertor_cassette,C,Atlas Rev3
SS-07,DIV-S07-3,contains_divertor_cassette,C,Atlas Rev3
SS-07,UP-07,upper_maintenance_interface,C function / OPEN geometry,Atlas Rev3
SS-07,EQ-07,equatorial_port_interface,E/F,Atlas Rev3
SS-07,LP-07,lower_maintenance_interface,C function / OPEN geometry,Atlas Rev3
UP-07,UMP-S07,remote_handling_path,C/E,Atlas Rev3
LP-07,LMP-S07,remote_handling_path,C/E,Atlas Rev3
MC-0,SS-08,contains_sector,C,Atlas Rev3
SS-08,BLK-S08-I1,contains_blanket,C,Atlas Rev3
BLK-S08-I1,BHT-S08-SUP-NODE,coolant_supply_interface,C/E,Atlas Rev3
BLK-S08-I1,BHT-S08-RET-NODE,coolant_return_interface,C/E,Atlas Rev3
SS-08,BLK-S08-I2,contains_blanket,C,Atlas Rev3
BLK-S08-I2,BHT-S08-SUP-NODE,coolant_supply_interface,C/E,Atlas Rev3
BLK-S08-I2,BHT-S08-RET-NODE,coolant_return_interface,C/E,Atlas Rev3
SS-08,BLK-S08-O1,contains_blanket,C,Atlas Rev3
BLK-S08-O1,BHT-S08-SUP-NODE,coolant_supply_interface,C/E,Atlas Rev3
BLK-S08-O1,BHT-S08-RET-NODE,coolant_return_interface,C/E,Atlas Rev3
SS-08,BLK-S08-O2,contains_blanket,C,Atlas Rev3
BLK-S08-O2,BHT-S08-SUP-NODE,coolant_supply_interface,C/E,Atlas Rev3
BLK-S08-O2,BHT-S08-RET-NODE,coolant_return_interface,C/E,Atlas Rev3
SS-08,BLK-S08-O3,contains_blanket,C,Atlas Rev3
BLK-S08-O3,BHT-S08-SUP-NODE,coolant_supply_interface,C/E,Atlas Rev3
BLK-S08-O3,BHT-S08-RET-NODE,coolant_return_interface,C/E,Atlas Rev3
SS-08,DIV-S08-1,contains_divertor_cassette,C,Atlas Rev3
SS-08,DIV-S08-2,contains_divertor_cassette,C,Atlas Rev3
SS-08,DIV-S08-3,contains_divertor_cassette,C,Atlas Rev3
SS-08,UP-08,upper_maintenance_interface,C function / OPEN geometry,Atlas Rev3
SS-08,EQ-08,equatorial_port_interface,E/F,Atlas Rev3
SS-08,LP-08,lower_maintenance_interface,C function / OPEN geometry,Atlas Rev3
UP-08,UMP-S08,remote_handling_path,C/E,Atlas Rev3
LP-08,LMP-S08,remote_handling_path,C/E,Atlas Rev3
MC-0,SS-09,contains_sector,C,Atlas Rev3
SS-09,BLK-S09-I1,contains_blanket,C,Atlas Rev3
BLK-S09-I1,BHT-S09-SUP-NODE,coolant_supply_interface,C/E,Atlas Rev3
BLK-S09-I1,BHT-S09-RET-NODE,coolant_return_interface,C/E,Atlas Rev3
SS-09,BLK-S09-I2,contains_blanket,C,Atlas Rev3
BLK-S09-I2,BHT-S09-SUP-NODE,coolant_supply_interface,C/E,Atlas Rev3
BLK-S09-I2,BHT-S09-RET-NODE,coolant_return_interface,C/E,Atlas Rev3
SS-09,BLK-S09-O1,contains_blanket,C,Atlas Rev3
BLK-S09-O1,BHT-S09-SUP-NODE,coolant_supply_interface,C/E,Atlas Rev3
BLK-S09-O1,BHT-S09-RET-NODE,coolant_return_interface,C/E,Atlas Rev3
SS-09,BLK-S09-O2,contains_blanket,C,Atlas Rev3
BLK-S09-O2,BHT-S09-SUP-NODE,coolant_supply_interface,C/E,Atlas Rev3
BLK-S09-O2,BHT-S09-RET-NODE,coolant_return_interface,C/E,Atlas Rev3
SS-09,BLK-S09-O3,contains_blanket,C,Atlas Rev3
BLK-S09-O3,BHT-S09-SUP-NODE,coolant_supply_interface,C/E,Atlas Rev3
BLK-S09-O3,BHT-S09-RET-NODE,coolant_return_interface,C/E,Atlas Rev3
SS-09,DIV-S09-1,contains_divertor_cassette,C,Atlas Rev3
SS-09,DIV-S09-2,contains_divertor_cassette,C,Atlas Rev3
SS-09,DIV-S09-3,contains_divertor_cassette,C,Atlas Rev3
SS-09,UP-09,upper_maintenance_interface,C function / OPEN geometry,Atlas Rev3
SS-09,EQ-09,equatorial_port_interface,E/F,Atlas Rev3
SS-09,LP-09,lower_maintenance_interface,C function / OPEN geometry,Atlas Rev3
UP-09,UMP-S09,remote_handling_path,C/E,Atlas Rev3
LP-09,LMP-S09,remote_handling_path,C/E,Atlas Rev3
MC-0,SS-10,contains_sector,C,Atlas Rev3
SS-10,BLK-S10-I1,contains_blanket,C,Atlas Rev3
BLK-S10-I1,BHT-S10-SUP-NODE,coolant_supply_interface,C/E,Atlas Rev3
BLK-S10-I1,BHT-S10-RET-NODE,coolant_return_interface,C/E,Atlas Rev3
SS-10,BLK-S10-I2,contains_blanket,C,Atlas Rev3
BLK-S10-I2,BHT-S10-SUP-NODE,coolant_supply_interface,C/E,Atlas Rev3
BLK-S10-I2,BHT-S10-RET-NODE,coolant_return_interface,C/E,Atlas Rev3
SS-10,BLK-S10-O1,contains_blanket,C,Atlas Rev3
BLK-S10-O1,BHT-S10-SUP-NODE,coolant_supply_interface,C/E,Atlas Rev3
BLK-S10-O1,BHT-S10-RET-NODE,coolant_return_interface,C/E,Atlas Rev3
SS-10,BLK-S10-O2,contains_blanket,C,Atlas Rev3
BLK-S10-O2,BHT-S10-SUP-NODE,coolant_supply_interface,C/E,Atlas Rev3
BLK-S10-O2,BHT-S10-RET-NODE,coolant_return_interface,C/E,Atlas Rev3
SS-10,BLK-S10-O3,contains_blanket,C,Atlas Rev3
BLK-S10-O3,BHT-S10-SUP-NODE,coolant_supply_interface,C/E,Atlas Rev3
BLK-S10-O3,BHT-S10-RET-NODE,coolant_return_interface,C/E,Atlas Rev3
SS-10,DIV-S10-1,contains_divertor_cassette,C,Atlas Rev3
SS-10,DIV-S10-2,contains_divertor_cassette,C,Atlas Rev3
SS-10,DIV-S10-3,contains_divertor_cassette,C,Atlas Rev3
SS-10,UP-10,upper_maintenance_interface,C function / OPEN geometry,Atlas Rev3
SS-10,EQ-10,equatorial_port_interface,E/F,Atlas Rev3
SS-10,LP-10,lower_maintenance_interface,C function / OPEN geometry,Atlas Rev3
UP-10,UMP-S10,remote_handling_path,C/E,Atlas Rev3
LP-10,LMP-S10,remote_handling_path,C/E,Atlas Rev3
MC-0,SS-11,contains_sector,C,Atlas Rev3
SS-11,BLK-S11-I1,contains_blanket,C,Atlas Rev3
BLK-S11-I1,BHT-S11-SUP-NODE,coolant_supply_interface,C/E,Atlas Rev3
BLK-S11-I1,BHT-S11-RET-NODE,coolant_return_interface,C/E,Atlas Rev3
SS-11,BLK-S11-I2,contains_blanket,C,Atlas Rev3
BLK-S11-I2,BHT-S11-SUP-NODE,coolant_supply_interface,C/E,Atlas Rev3
BLK-S11-I2,BHT-S11-RET-NODE,coolant_return_interface,C/E,Atlas Rev3
SS-11,BLK-S11-O1,contains_blanket,C,Atlas Rev3
BLK-S11-O1,BHT-S11-SUP-NODE,coolant_supply_interface,C/E,Atlas Rev3
BLK-S11-O1,BHT-S11-RET-NODE,coolant_return_interface,C/E,Atlas Rev3
SS-11,BLK-S11-O2,contains_blanket,C,Atlas Rev3
BLK-S11-O2,BHT-S11-SUP-NODE,coolant_supply_interface,C/E,Atlas Rev3
BLK-S11-O2,BHT-S11-RET-NODE,coolant_return_interface,C/E,Atlas Rev3
SS-11,BLK-S11-O3,contains_blanket,C,Atlas Rev3
BLK-S11-O3,BHT-S11-SUP-NODE,coolant_supply_interface,C/E,Atlas Rev3
BLK-S11-O3,BHT-S11-RET-NODE,coolant_return_interface,C/E,Atlas Rev3
SS-11,DIV-S11-1,contains_divertor_cassette,C,Atlas Rev3
SS-11,DIV-S11-2,contains_divertor_cassette,C,Atlas Rev3
SS-11,DIV-S11-3,contains_divertor_cassette,C,Atlas Rev3
SS-11,UP-11,upper_maintenance_interface,C function / OPEN geometry,Atlas Rev3
SS-11,EQ-11,equatorial_port_interface,E/F,Atlas Rev3
SS-11,LP-11,lower_maintenance_interface,C function / OPEN geometry,Atlas Rev3
UP-11,UMP-S11,remote_handling_path,C/E,Atlas Rev3
LP-11,LMP-S11,remote_handling_path,C/E,Atlas Rev3
MC-0,SS-12,contains_sector,C,Atlas Rev3
SS-12,BLK-S12-I1,contains_blanket,C,Atlas Rev3
BLK-S12-I1,BHT-S12-SUP-NODE,coolant_supply_interface,C/E,Atlas Rev3
BLK-S12-I1,BHT-S12-RET-NODE,coolant_return_interface,C/E,Atlas Rev3
SS-12,BLK-S12-I2,contains_blanket,C,Atlas Rev3
BLK-S12-I2,BHT-S12-SUP-NODE,coolant_supply_interface,C/E,Atlas Rev3
BLK-S12-I2,BHT-S12-RET-NODE,coolant_return_interface,C/E,Atlas Rev3
SS-12,BLK-S12-O1,contains_blanket,C,Atlas Rev3
BLK-S12-O1,BHT-S12-SUP-NODE,coolant_supply_interface,C/E,Atlas Rev3
BLK-S12-O1,BHT-S12-RET-NODE,coolant_return_interface,C/E,Atlas Rev3
SS-12,BLK-S12-O2,contains_blanket,C,Atlas Rev3
BLK-S12-O2,BHT-S12-SUP-NODE,coolant_supply_interface,C/E,Atlas Rev3
BLK-S12-O2,BHT-S12-RET-NODE,coolant_return_interface,C/E,Atlas Rev3
SS-12,BLK-S12-O3,contains_blanket,C,Atlas Rev3
BLK-S12-O3,BHT-S12-SUP-NODE,coolant_supply_interface,C/E,Atlas Rev3
BLK-S12-O3,BHT-S12-RET-NODE,coolant_return_interface,C/E,Atlas Rev3
SS-12,DIV-S12-1,contains_divertor_cassette,C,Atlas Rev3
SS-12,DIV-S12-2,contains_divertor_cassette,C,Atlas Rev3
SS-12,DIV-S12-3,contains_divertor_cassette,C,Atlas Rev3
SS-12,UP-12,upper_maintenance_interface,C function / OPEN geometry,Atlas Rev3
SS-12,EQ-12,equatorial_port_interface,E/F,Atlas Rev3
SS-12,LP-12,lower_maintenance_interface,C function / OPEN geometry,Atlas Rev3
UP-12,UMP-S12,remote_handling_path,C/E,Atlas Rev3
LP-12,LMP-S12,remote_handling_path,C/E,Atlas Rev3
MC-0,SS-13,contains_sector,C,Atlas Rev3
SS-13,BLK-S13-I1,contains_blanket,C,Atlas Rev3
BLK-S13-I1,BHT-S13-SUP-NODE,coolant_supply_interface,C/E,Atlas Rev3
BLK-S13-I1,BHT-S13-RET-NODE,coolant_return_interface,C/E,Atlas Rev3
SS-13,BLK-S13-I2,contains_blanket,C,Atlas Rev3
BLK-S13-I2,BHT-S13-SUP-NODE,coolant_supply_interface,C/E,Atlas Rev3
BLK-S13-I2,BHT-S13-RET-NODE,coolant_return_interface,C/E,Atlas Rev3
SS-13,BLK-S13-O1,contains_blanket,C,Atlas Rev3
BLK-S13-O1,BHT-S13-SUP-NODE,coolant_supply_interface,C/E,Atlas Rev3
BLK-S13-O1,BHT-S13-RET-NODE,coolant_return_interface,C/E,Atlas Rev3
SS-13,BLK-S13-O2,contains_blanket,C,Atlas Rev3
BLK-S13-O2,BHT-S13-SUP-NODE,coolant_supply_interface,C/E,Atlas Rev3
BLK-S13-O2,BHT-S13-RET-NODE,coolant_return_interface,C/E,Atlas Rev3
SS-13,BLK-S13-O3,contains_blanket,C,Atlas Rev3
BLK-S13-O3,BHT-S13-SUP-NODE,coolant_supply_interface,C/E,Atlas Rev3
BLK-S13-O3,BHT-S13-RET-NODE,coolant_return_interface,C/E,Atlas Rev3
SS-13,DIV-S13-1,contains_divertor_cassette,C,Atlas Rev3
SS-13,DIV-S13-2,contains_divertor_cassette,C,Atlas Rev3
SS-13,DIV-S13-3,contains_divertor_cassette,C,Atlas Rev3
SS-13,UP-13,upper_maintenance_interface,C function / OPEN geometry,Atlas Rev3
SS-13,EQ-13,equatorial_port_interface,E/F,Atlas Rev3
SS-13,LP-13,lower_maintenance_interface,C function / OPEN geometry,Atlas Rev3
UP-13,UMP-S13,remote_handling_path,C/E,Atlas Rev3
LP-13,LMP-S13,remote_handling_path,C/E,Atlas Rev3
MC-0,SS-14,contains_sector,C,Atlas Rev3
SS-14,BLK-S14-I1,contains_blanket,C,Atlas Rev3
BLK-S14-I1,BHT-S14-SUP-NODE,coolant_supply_interface,C/E,Atlas Rev3
BLK-S14-I1,BHT-S14-RET-NODE,coolant_return_interface,C/E,Atlas Rev3
SS-14,BLK-S14-I2,contains_blanket,C,Atlas Rev3
BLK-S14-I2,BHT-S14-SUP-NODE,coolant_supply_interface,C/E,Atlas Rev3
BLK-S14-I2,BHT-S14-RET-NODE,coolant_return_interface,C/E,Atlas Rev3
SS-14,BLK-S14-O1,contains_blanket,C,Atlas Rev3
BLK-S14-O1,BHT-S14-SUP-NODE,coolant_supply_interface,C/E,Atlas Rev3
BLK-S14-O1,BHT-S14-RET-NODE,coolant_return_interface,C/E,Atlas Rev3
SS-14,BLK-S14-O2,contains_blanket,C,Atlas Rev3
BLK-S14-O2,BHT-S14-SUP-NODE,coolant_supply_interface,C/E,Atlas Rev3
BLK-S14-O2,BHT-S14-RET-NODE,coolant_return_interface,C/E,Atlas Rev3
SS-14,BLK-S14-O3,contains_blanket,C,Atlas Rev3
BLK-S14-O3,BHT-S14-SUP-NODE,coolant_supply_interface,C/E,Atlas Rev3
BLK-S14-O3,BHT-S14-RET-NODE,coolant_return_interface,C/E,Atlas Rev3
SS-14,DIV-S14-1,contains_divertor_cassette,C,Atlas Rev3
SS-14,DIV-S14-2,contains_divertor_cassette,C,Atlas Rev3
SS-14,DIV-S14-3,contains_divertor_cassette,C,Atlas Rev3
SS-14,UP-14,upper_maintenance_interface,C function / OPEN geometry,Atlas Rev3
SS-14,EQ-14,equatorial_port_interface,E/F,Atlas Rev3
SS-14,LP-14,lower_maintenance_interface,C function / OPEN geometry,Atlas Rev3
UP-14,UMP-S14,remote_handling_path,C/E,Atlas Rev3
LP-14,LMP-S14,remote_handling_path,C/E,Atlas Rev3
MC-0,SS-15,contains_sector,C,Atlas Rev3
SS-15,BLK-S15-I1,contains_blanket,C,Atlas Rev3
BLK-S15-I1,BHT-S15-SUP-NODE,coolant_supply_interface,C/E,Atlas Rev3
BLK-S15-I1,BHT-S15-RET-NODE,coolant_return_interface,C/E,Atlas Rev3
SS-15,BLK-S15-I2,contains_blanket,C,Atlas Rev3
BLK-S15-I2,BHT-S15-SUP-NODE,coolant_supply_interface,C/E,Atlas Rev3
BLK-S15-I2,BHT-S15-RET-NODE,coolant_return_interface,C/E,Atlas Rev3
SS-15,BLK-S15-O1,contains_blanket,C,Atlas Rev3
BLK-S15-O1,BHT-S15-SUP-NODE,coolant_supply_interface,C/E,Atlas Rev3
BLK-S15-O1,BHT-S15-RET-NODE,coolant_return_interface,C/E,Atlas Rev3
SS-15,BLK-S15-O2,contains_blanket,C,Atlas Rev3
BLK-S15-O2,BHT-S15-SUP-NODE,coolant_supply_interface,C/E,Atlas Rev3
BLK-S15-O2,BHT-S15-RET-NODE,coolant_return_interface,C/E,Atlas Rev3
SS-15,BLK-S15-O3,contains_blanket,C,Atlas Rev3
BLK-S15-O3,BHT-S15-SUP-NODE,coolant_supply_interface,C/E,Atlas Rev3
BLK-S15-O3,BHT-S15-RET-NODE,coolant_return_interface,C/E,Atlas Rev3
SS-15,DIV-S15-1,contains_divertor_cassette,C,Atlas Rev3
SS-15,DIV-S15-2,contains_divertor_cassette,C,Atlas Rev3
SS-15,DIV-S15-3,contains_divertor_cassette,C,Atlas Rev3
SS-15,UP-15,upper_maintenance_interface,C function / OPEN geometry,Atlas Rev3
SS-15,EQ-15,equatorial_port_interface,E/F,Atlas Rev3
SS-15,LP-15,lower_maintenance_interface,C function / OPEN geometry,Atlas Rev3
UP-15,UMP-S15,remote_handling_path,C/E,Atlas Rev3
LP-15,LMP-S15,remote_handling_path,C/E,Atlas Rev3
MC-0,SS-16,contains_sector,C,Atlas Rev3
SS-16,BLK-S16-I1,contains_blanket,C,Atlas Rev3
BLK-S16-I1,BHT-S16-SUP-NODE,coolant_supply_interface,C/E,Atlas Rev3
BLK-S16-I1,BHT-S16-RET-NODE,coolant_return_interface,C/E,Atlas Rev3
SS-16,BLK-S16-I2,contains_blanket,C,Atlas Rev3
BLK-S16-I2,BHT-S16-SUP-NODE,coolant_supply_interface,C/E,Atlas Rev3
BLK-S16-I2,BHT-S16-RET-NODE,coolant_return_interface,C/E,Atlas Rev3
SS-16,BLK-S16-O1,contains_blanket,C,Atlas Rev3
BLK-S16-O1,BHT-S16-SUP-NODE,coolant_supply_interface,C/E,Atlas Rev3
BLK-S16-O1,BHT-S16-RET-NODE,coolant_return_interface,C/E,Atlas Rev3
SS-16,BLK-S16-O2,contains_blanket,C,Atlas Rev3
BLK-S16-O2,BHT-S16-SUP-NODE,coolant_supply_interface,C/E,Atlas Rev3
BLK-S16-O2,BHT-S16-RET-NODE,coolant_return_interface,C/E,Atlas Rev3
SS-16,BLK-S16-O3,contains_blanket,C,Atlas Rev3
BLK-S16-O3,BHT-S16-SUP-NODE,coolant_supply_interface,C/E,Atlas Rev3
BLK-S16-O3,BHT-S16-RET-NODE,coolant_return_interface,C/E,Atlas Rev3
SS-16,DIV-S16-1,contains_divertor_cassette,C,Atlas Rev3
SS-16,DIV-S16-2,contains_divertor_cassette,C,Atlas Rev3
SS-16,DIV-S16-3,contains_divertor_cassette,C,Atlas Rev3
SS-16,UP-16,upper_maintenance_interface,C function / OPEN geometry,Atlas Rev3
SS-16,EQ-16,equatorial_port_interface,E/F,Atlas Rev3
SS-16,LP-16,lower_maintenance_interface,C function / OPEN geometry,Atlas Rev3
UP-16,UMP-S16,remote_handling_path,C/E,Atlas Rev3
LP-16,LMP-S16,remote_handling_path,C/E,Atlas Rev3
